﻿<ReleaseList xmlns:xsi="http://www.w3.org/2001/XMLSchema-instance" xmlns:xsd="http://www.w3.org/2001/XMLSchema">
    <ApplicationStart>demo.exe</ApplicationStart>
    <AppName>Demo</AppName>
    <MinVersion>1.84.1</MinVersion>
    <ReleaseDate>2011/9/23 9:25:24</ReleaseDate>
    <ReleaseUrl>
        http://localhost:8010/demo/
    </ReleaseUrl>
    <ReleaseVersion>1.84.1</ReleaseVersion>
    <ShortcutIcon>demo.ico</ShortcutIcon>
    <UpdateDescription><![CDATA[1.update 1
   2.updte 1]]>
    </UpdateDescription>
    <Files>
        <ReleaseFile>
            <FileName>log4net.dll</FileName>
            <ReleaseDate>2011/8/19 9:04:38</ReleaseDate>
            <FileSize>182</FileSize>
        </ReleaseFile>
        <ReleaseFile>
            <FileName>Demo.exe</FileName>
            <ReleaseDate>2011/9/23 9:25:21</ReleaseDate>
            <FileSize>1798</FileSize>
        </ReleaseFile>
    </Files>
</ReleaseList>